Date,Open,High,Low,Close
2016-01-01,26101.5,26197.27,26008.2,26160.9
2016-01-04,26116.52,26116.52,25596.57,25623.35
2016-01-05,25744.7,25766.76,25513.75,25580.34
2016-01-06,25628.23,25632.57,25357.7,25406.33
2016-01-07,25224.7,25230.35,24825.7,24851.83
2016-01-08,24969.02,25083.55,24887.22,24934.33
2016-01-11,24787.11,24961.88,24598.9,24825.04
2016-01-12,24862.93,24882.3,24597.11,24682.03
2016-01-13,24804.64,24956.54,24387.69,24854.11
2016-01-14,24606.2,25018.46,24473.22,24772.97
2016-01-15,24881.76,24912.64,24421.53,24455.04
2016-01-18,24400.78,24524.85,24141.99,24188.37
2016-01-19,24257.28,24563.34,24247.23,24479.84
2016-01-20,24325.77,24325.77,23839.76,24062.04
2016-01-21,24194.75,24351.83,23862,23962.21
2016-01-22,24122.06,24472.88,24120.04,24435.66
2016-01-25,24540.97,24650.57,24433.67,24485.95
2016-01-27,24643.13,24645.7,24458.13,24492.39
2016-01-28,24481.86,24587.2,24400.52,24469.57
2016-01-29,24347.31,24911.9,24340.06,24870.69
2016-02-01,24982.22,25002.32,24788.58,24824.83
2016-02-02,24868.21,24928.75,24460.53,24539
2016-02-03,24393.59,24409.26,24187.54,24223.32
2016-02-04,24386.45,24514.01,24224.74,24338.43
2016-02-05,24360.36,24672.9,24345.79,24616.97
2016-02-08,24637.41,24698.95,24196.84,24287.42
2016-02-09,24076.85,24111.19,23919.47,24020.98
2016-02-10,23938.32,23938.32,23636.72,23758.9
2016-02-11,23758.46,23758.46,22909.12,22951.83
2016-02-12,23060.39,23161.15,22600.39,22986.12
2016-02-15,23223.43,23622.64,23197.67,23554.12
2016-02-16,23688.61,23692.08,23164.54,23191.97
2016-02-17,23237.23,23434.91,22920.84,23381.87
2016-02-18,23536.47,23735.35,23448.21,23649.22
2016-02-19,23640.32,23774.48,23508.36,23709.15
2016-02-22,23783.47,23855.04,23674.86,23788.79
2016-02-23,23850.41,23851.51,23361.94,23410.18
2016-02-24,23332.94,23338.89,23057.45,23088.93
2016-02-25,23105.16,23142.96,22948.1,22976
2016-02-26,23141.08,23227.91,23021.94,23154.3
2016-02-29,23238.5,23343.22,22494.61,23002
2016-03-01,23153.32,23821.49,23133.18,23779.35
2016-03-02,24044.96,24280.42,24043.89,24242.98
2016-03-03,24386.67,24640.51,24383.28,24606.99
2016-03-04,24704.59,24719.05,24531.8,24646.48
2016-03-08,24655.19,24793.62,24509.21,24659.23
2016-03-09,24527.27,24820.76,24451.6,24793.96
2016-03-10,24815.7,24817.48,24471.39,24623.34
2016-03-11,24620.39,24817.8,24552.26,24717.99
2016-03-14,24801.7,24960.51,24734.04,24804.28
2016-03-15,24832.04,24840.77,24517.28,24551.17
2016-03-16,24537.61,24706.85,24354.55,24682.48
2016-03-17,24852.18,24948.3,24576.52,24677.37
2016-03-18,24729.41,24986.94,24681.64,24952.74
2016-03-21,25007.56,25327.45,24988.27,25285.37
2016-03-22,25331.01,25381.33,25083.7,25330.49
2016-03-23,25322.1,25367.81,25156.82,25337.56
2016-03-28,25417.11,25432.94,24895.49,24966.4
2016-03-29,24957.24,25079.35,24835.56,24900.46
2016-03-30,25062.06,25358.84,25055.42,25338.58
2016-03-31,25364.75,25479.62,25223.22,25341.86
2016-04-01,25301.7,25354.94,25119.35,25269.64
2016-04-04,25333.98,25424.15,25223.49,25399.65
2016-04-05,25372.44,25372.44,24837.51,24883.59
2016-04-06,24978.86,25000.65,24834.16,24900.63
2016-04-07,24998.79,25013.13,24647.48,24685.42
2016-04-08,24665.8,24736.03,24608.51,24673.84
2016-04-11,24789.4,25049.92,24523.2,25022.16
2016-04-12,25056.47,25180.02,24996.44,25145.59
2016-04-13,25358.42,25671.5,25358.42,25626.75
2016-04-18,25833.16,25870.03,25634.12,25816.36
2016-04-20,25942.34,25956.34,25716.81,25844.18
2016-04-21,25979.68,26080.07,25783.12,25880.38
2016-04-22,25892.49,25922.02,25771.88,25838.14
2016-04-25,25891.03,25891.03,25585.93,25678.93
2016-04-26,25604.92,26055,25549.05,26007.3
2016-04-27,25956.42,26092.93,25885.24,26064.12
2016-04-28,26078.28,26100.54,25561.17,25603.1
2016-04-29,25612.91,25755.43,25424.03,25606.62
2016-05-02,25565.44,25565.44,25341.14,25436.97
2016-05-03,25500.14,25705.96,25192.94,25229.7
2016-05-04,25210.87,25245.7,25061.04,25101.73
2016-05-05,25187.66,25394.1,25162.94,25262.21
2016-05-06,25223.67,25260.48,25057.93,25228.5
2016-05-09,25321.83,25709.68,25302.86,25688.86
2016-05-10,25682.98,25809.93,25614.24,25772.53
2016-05-11,25548.97,25762.49,25409.24,25597.02
2016-05-12,25684.6,25827.03,25620.27,25790.22
2016-05-13,25739.94,25743.69,25400.27,25489.57
2016-05-16,25528.8,25688.46,25351.62,25653.23
2016-05-17,25756.14,25927.31,25733.76,25773.61
2016-05-18,25671.48,25747,25503.4,25704.61
2016-05-19,25713.84,25714.56,25351.99,25399.72
2016-05-20,25428.42,25506.06,25251.9,25301.9
2016-05-23,25447.72,25519.26,25207.78,25230.36
2016-05-24,25256.97,25340.47,25181.47,25305.47
2016-05-25,25432.1,25897.87,25430.59,25881.17
2016-05-26,26008.25,26398.94,25941.51,26366.68
2016-05-27,26415.93,26677.43,26405.28,26653.6
2016-05-30,26694.75,26794.96,26623.33,26725.6
2016-05-31,26817.75,26837.2,26561.58,26667.96
2016-06-01,26684.46,26857.25,26671.86,26713.93
2016-06-02,26694.28,26885.16,26641.02,26843.14
2016-06-03,26919.23,27008.14,26792.07,26843.03
2016-06-06,26897.84,26901.42,26729.54,26777.45
2016-06-07,26833.54,27082.63,26829.53,27009.67
2016-06-08,27085.24,27105.41,26973.71,27020.66
2016-06-09,26994.48,26994.91,26692.35,26763.46
2016-06-10,26742.26,26972.06,26620.5,26635.75
2016-06-13,26468.27,26468.27,26262.27,26396.77
2016-06-14,26482.5,26485.45,26264.81,26395.71
2016-06-15,26500.79,26752.59,26446.59,26726.34
2016-06-16,26686.03,26686.03,26314.91,26525.46
2016-06-17,26653.85,26730.55,26538.51,26625.91
2016-06-20,26497.11,26885.49,26447.88,26866.92
2016-06-21,26907.42,26925.64,26754.6,26812.78
2016-06-22,26791.68,26887.29,26617.45,26765.65
2016-06-23,26753.2,27060.98,26736.52,27002.22
2016-06-24,26367.48,26435.85,25911.33,26397.71
2016-06-27,26347.81,26493.51,26262.72,26402.96
2016-06-28,26410.66,26583.33,26378.46,26524.55
2016-06-29,26627.15,26776.17,26606.31,26740.39
2016-06-30,26926.17,27069.23,26872.59,26999.72
2016-07-01,27064.33,27243.36,27061.4,27144.91
2016-07-04,27314.44,27385.66,27251.06,27278.76
2016-07-05,27340.72,27348.66,27127.3,27166.87
2016-07-07,27209.97,27288.22,27146.95,27201.49
2016-07-08,27292.2,27294.82,27034.14,27126.9
2016-07-11,27358.23,27647.48,27358.23,27626.69
2016-07-12,27667.81,27828.74,27667.81,27808.14
2016-07-13,27912.14,27928.76,27752.14,27815.18
2016-07-14,27857.8,27967.77,27763.15,27942.11
2016-07-15,27966.14,28048.7,27735.87,27836.5
2016-07-18,27920.66,28013.5,27697.69,27746.66
2016-07-19,27790.05,27826.69,27637.98,27787.62
2016-07-20,27775.7,27935.18,27759.71,27915.89
2016-07-21,27980.07,27988.76,27687.54,27710.52
2016-07-22,27721.72,27832.45,27646.21,27803.24
2016-07-25,27753.96,28110.37,27736.51,28095.34
2016-07-26,28121.37,28149.53,27927.13,27976.52
2016-07-27,27976.14,28210.88,27899.93,28024.33
2016-07-28,28108.78,28240.2,28064.9,28208.62
2016-07-29,28232.87,28233.47,28037.87,28051.86
2016-08-01,28083.08,28284.85,27873.53,28003.12
2016-08-02,28069.12,28175.22,27943.91,27981.71
2016-08-03,28008.52,28015.43,27647.14,27697.51
2016-08-04,27899.88,27921.91,27627.97,27714.37
2016-08-05,27810.55,28110.37,27795.74,28078.35
2016-08-08,28181.92,28226.38,28128.06,28182.57
2016-08-09,28289.22,28289.96,27956.77,28085.16
2016-08-10,28133.36,28143.28,27736.62,27774.88
2016-08-11,27805.94,27902.39,27697.33,27859.6
2016-08-12,27919.95,28203.27,27900.91,28152.4
2016-08-16,28190.04,28199.1,27942.65,28064.61
2016-08-17,28061.79,28174.3,27960.14,28005.37
2016-08-18,28077.64,28214.17,28077,28123.44
2016-08-19,28167.66,28212.3,28026.12,28077
2016-08-22,28088.07,28143.28,27918.05,27985.54
2016-08-23,28012.56,28028.98,27854.43,27990.21
2016-08-24,28065.25,28108.39,27959.87,28059.94
2016-08-25,28103.6,28154.21,27803.24,27835.91
2016-08-26,27882.75,27935.88,27696.99,27782.25
2016-08-29,27827.26,27952.85,27698.71,27902.66
2016-08-30,28012.46,28478.02,28010.66,28343.01
2016-08-31,28372.25,28532.25,28363.1,28452.17
2016-09-01,28459.09,28548.85,28386.61,28423.48
2016-09-02,28498.72,28581.58,28427.63,28532.11
2016-09-06,28631.27,29013.4,28631.27,28978.02
2016-09-07,29035.67,29067.84,28911.31,28926.36
2016-09-08,28929.46,29077.28,28854.56,29045.28
2016-09-09,29062.9,29062.9,28755.08,28797.25
2016-09-12,28481.09,28481.11,28251.31,28353.54
2016-09-14,28345.49,28416.41,28259.38,28372.23
2016-09-15,28398.33,28454.02,28311.11,28412.89
2016-09-16,28520.3,28778.64,28494.59,28599.03
2016-09-19,28626.6,28714.77,28552.55,28634.5
2016-09-20,28690.66,28698.81,28480.53,28523.2
2016-09-21,28554.38,28689.36,28462.33,28507.42
2016-09-22,28766.94,28871.92,28693.07,28773.13
2016-09-23,28810.32,28825.09,28627.38,28668.22
2016-09-26,28630.92,28630.92,28272.03,28294.28
2016-09-27,28373.02,28432.74,28179.34,28223.7
2016-09-28,28198.88,28378.56,28198.3,28292.81
2016-09-29,28423.14,28475.57,27719.92,27827.53
2016-09-30,27807.82,27955.21,27716.78,27865.96
2016-10-03,27997.29,28273.02,27919.89,28243.29
2016-10-04,28377.64,28404.7,28242.25,28334.55
2016-10-05,28425.74,28477.65,28188.9,28220.98
2016-10-06,28298.35,28328.56,28031.22,28106.21
2016-10-07,28129.22,28155.68,27964.91,28061.14
2016-10-10,28144.28,28216.64,28068.32,28082.34
2016-10-13,28042.62,28042.62,27563.84,27643.11
2016-10-14,27712.22,27763.54,27548.18,27673.6
2016-10-17,27776.14,27803.21,27488.3,27529.97
2016-10-18,27656.89,28064.39,27652.76,28050.88
2016-10-19,28112.36,28131.07,27926.17,27984.37
2016-10-20,28031.57,28212.5,28031.57,28129.84
2016-10-21,28163.41,28163.41,27957.92,28077.18
2016-10-24,28156.59,28256.65,28075.95,28179.08
2016-10-25,28159.09,28211.41,28013.69,28091.42
2016-10-26,28050.55,28050.55,27759.56,27836.51
2016-10-27,27808.63,27958.13,27665.6,27915.9
2016-10-28,27983.14,28000.14,27789.84,27941.51
2016-10-30,28066.32,28095.71,27890.14,27930.21
2016-11-01,27966.18,28029.8,27845.63,27876.61
2016-11-02,27679.32,27679.32,27500.81,27527.22
2016-11-03,27518.06,27600.74,27399.26,27430.28
2016-11-04,27465.55,27498.91,27193.61,27274.15
2016-11-07,27552.27,27591.15,27398.72,27458.99
2016-11-08,27537.26,27646.84,27406.76,27591.14
2016-11-09,26251.38,27397.38,25902.45,27252.53
2016-11-10,27605.05,27743.46,27457.05,27517.68
2016-11-11,27344.85,27344.85,26777.18,26818.82
2016-11-15,26809.61,26809.61,26253.63,26304.63
2016-11-16,26508.94,26621.4,26239.21,26298.69
2016-11-17,26304.9,26449.87,26155.4,26227.62
2016-11-18,26270.2,26349.02,26106.78,26150.24
2016-11-21,26246.7,26270.28,25717.93,25765.14
2016-11-22,25928.16,26039.7,25765.51,25960.78
2016-11-23,26101.33,26130.49,25877.16,26051.81
2016-11-24,26049.14,26049.14,25810.97,25860.17
2016-11-25,25953.24,26343.95,25874.45,26316.34
2016-11-28,26303.52,26413.99,26183.22,26350.17
2016-11-29,26408.62,26587.07,26354.66,26394.01
2016-11-30,26441.02,26680.55,26395.5,26652.81
2016-12-01,26756.66,26769.32,26540.82,26559.92
2016-12-02,26437.37,26463.06,26182.93,26230.66
2016-12-05,26253.48,26390.8,26125.35,26349.1
2016-12-06,26403.62,26502.43,26356.02,26392.76
2016-12-07,26456.21,26540.83,26164.82,26236.87
2016-12-08,26366.52,26733.87,26357.35,26694.28
2016-12-09,26787.14,26803.76,26707.81,26747.18
2016-12-12,26725.31,26725.31,26468.59,26515.24
2016-12-13,26607.65,26724.97,26494.23,26697.82
2016-12-14,26707.91,26736.34,26547.05,26602.84
2016-12-15,26497.71,26737.86,26407.58,26519.07
2016-12-16,26548.67,26594.55,26455.21,26489.56
2016-12-19,26505.66,26505.66,26340.38,26374.7
2016-12-20,26374.59,26435.56,26241.43,26307.98
2016-12-21,26368.88,26396,26213.51,26242.38
2016-12-22,26224.07,26248.45,25940.14,25979.6
2016-12-23,25959.99,26143.19,25872.38,26040.7
2016-12-26,25992.41,26008.57,25753.74,25807.1
2016-12-27,25815.43,26249.03,25803.19,26213.44
2016-12-28,26243.19,26415.05,26191.72,26210.68
2016-12-29,26429.41,26429.63,26166.67,26366.15
2016-12-30,26441.51,26678.6,26406.53,26626.46
2017-01-02,26711.15,26720.98,26447.06,26595.45
2017-01-03,26616.92,26724.4,26488.37,26643.24
2017-01-04,26677.22,26723.37,26606.06,26633.13
2017-01-05,26738.42,26917.21,26738.42,26878.24
2017-01-06,26929.69,27009.61,26733.33,26759.23
2017-01-09,26860.81,26860.88,26701.18,26726.55
2017-01-10,26811.63,26914.95,26804.17,26899.56
2017-01-11,26978.44,27174.87,26978.44,27140.41
2017-01-12,27171.66,27278.93,27166.69,27247.16
2017-01-13,27378.01,27459.75,27143.07,27238.06
2017-01-16,27238.35,27335.08,27172.68,27288.17
2017-01-17,27331.82,27381.43,27179.19,27235.66
2017-01-18,27261.76,27422.67,27217.65,27257.64
2017-01-19,27253.34,27348.19,27219.89,27308.6
2017-01-20,27232.69,27264.41,27009.81,27034.5
2017-01-23,26990.93,27167.79,26963.58,27117.34
2017-01-24,27170.88,27393.35,27140.85,27375.58
2017-01-25,27462.83,27736.83,27439.68,27708.14
2017-01-27,27761.03,27980.39,27759.48,27882.46
2017-01-30,27866.8,27947.37,27813.32,27849.56
2017-01-31,27867.92,27867.92,27624.54,27655.96
2017-02-01,27669.08,28159.54,27590.1,28141.64
2017-02-02,28167.83,28299.92,28070.81,28226.61
2017-02-03,28270.67,28280.58,28127.18,28240.52
2017-02-06,28340.39,28487.28,28340.39,28439.28
2017-02-07,28443.23,28483.41,28239.12,28335.16
2017-02-08,28386.08,28391.64,28149.08,28289.92
2017-02-09,28349.22,28469.48,28152.18,28329.7
2017-02-10,28367.17,28456.18,28286.8,28334.25
2017-02-13,28450.42,28458.8,28197.38,28351.62
2017-02-14,28386.12,28393.42,28263.45,28339.31
2017-02-15,28270.11,28382.32,28102.23,28155.56
2017-02-16,28223.85,28327.84,28146.19,28301.27
2017-02-17,28670.43,28726.26,28410.91,28468.75
2017-02-20,28481.91,28696.53,28419.27,28661.58
2017-02-21,28716.7,28801,28597.33,28761.59
2017-02-22,28822.4,28963.52,28789.3,28864.71
2017-02-23,28927.67,29065.31,28860.46,28892.97
2017-02-27,28910.5,28961.83,28791.19,28812.88
2017-02-28,28825.19,28876.54,28721.12,28743.32
2017-03-01,28849.04,29029.17,28824.17,28984.49
2017-03-02,29117.38,29145.62,28784.31,28839.79
2017-03-03,28827.5,28860.13,28716.21,28832.45
2017-03-06,28859.21,29070.2,28856.12,29048.19
2017-03-07,29092.16,29098.17,28957.68,28999.56
2017-03-08,29021.06,29022.32,28815.48,28901.94
2017-03-09,28909.7,28986.72,28815.02,28929.13
2017-03-10,29006,29076.63,28851.04,28946.23
2017-03-14,29437.23,29561.93,29356.05,29442.63
2017-03-15,29452.86,29500.08,29358.91,29398.11
2017-03-16,29482.83,29614.79,29482.83,29585.85
2017-03-17,29755.74,29824.62,29601.86,29648.99
2017-03-20,29653.54,29699.48,29482.4,29518.74
2017-03-21,29525.88,29585.05,29380.14,29485.45
2017-03-22,29341.41,29341.41,29137.48,29167.68
2017-03-23,29201.01,29373.79,29198.08,29332.16
2017-03-24,29350.6,29539.85,29350.17,29421.4
2017-03-27,29395.68,29420.7,29163.54,29237.15
2017-03-28,29301.22,29442.18,29301.22,29409.52
2017-03-29,29463.01,29554.39,29439.42,29531.43
2017-03-30,29538.03,29684.54,29521.65,29647.42
2017-03-31,29633.91,29687.64,29552.61,29620.5
2017-04-03,29737.73,29926.94,29705.72,29910.22
2017-04-05,29996.03,30007.48,29817.69,29974.24
2017-04-06,29946.89,29954.25,29817.59,29927.34
2017-04-07,29850.71,29886.12,29668.45,29706.61
2017-04-10,29752.62,29831.32,29553.04,29575.74
2017-04-11,29630.06,29804.51,29570.58,29788.35
2017-04-12,29838.82,29838.82,29549.74,29643.48
2017-04-13,29637.12,29660.48,29442.26,29461.45
2017-04-17,29470.27,29494.08,29363.28,29413.66
2017-04-18,29487.78,29701.19,29286.38,29319.1
2017-04-19,29369.9,29388.25,29241.48,29336.57
2017-04-20,29358.59,29453.06,29341.68,29422.39
2017-04-21,29575.66,29584.34,29259.42,29365.3
2017-04-24,29407.68,29681.33,29392.99,29655.84
2017-04-25,29825.14,29961.82,29780.84,29943.24
2017-04-26,30030.2,30167.09,29968.57,30133.35
2017-04-27,30141.39,30184.22,29973.4,30029.74
2017-04-28,30064.6,30067.64,29848.21,29918.4
2017-05-02,30021.49,30069.24,29804.12,29921.18
2017-05-03,29984.95,30020.59,29846.57,29894.8
2017-05-04,30069.72,30169.95,30007.4,30126.21
2017-05-05,30142.14,30176.55,29823.6,29858.8
2017-05-08,29915.12,30016.04,29877.41,29926.15
2017-05-09,29977.5,30017.82,29911.44,29933.25
2017-05-10,29988.78,30271.6,29987.44,30248.17
2017-05-11,30309.71,30366.43,30207.11,30250.98
2017-05-12,30285.61,30299.74,30111.45,30188.15
2017-05-15,30287.37,30357.96,30273.62,30322.12
2017-05-16,30391.48,30591.55,30363.37,30582.6
2017-05-17,30616.53,30692.45,30519.14,30658.77
2017-05-18,30466.82,30575.83,30393.72,30434.79
2017-05-19,30539.65,30712.35,30338.52,30464.92
2017-05-22,30638.88,30712.15,30516.87,30570.97
2017-05-23,30553.89,30610.64,30316.92,30365.25
2017-05-24,30446.77,30534.15,30247.6,30301.64
2017-05-25,30374.81,30793.43,30352.26,30750.03
2017-05-26,30765.77,31074.07,30745.57,31028.21
2017-05-29,30944.38,31214.39,30869.9,31109.28
2017-05-30,31111.73,31220.38,31064.04,31159.4
2017-05-31,31222.51,31255.28,31107.48,31145.8
2017-06-01,31117.09,31213.12,31062.02,31137.59
2017-06-02,31205.37,31332.56,31190.4,31273.29
2017-06-05,31274.74,31355.42,31198.22,31309.49
2017-06-06,31420.85,31430.32,31172.55,31190.56
2017-06-07,31252.71,31346.99,31172.98,31271.28
2017-06-08,31316.91,31354.51,31193.77,31213.36
2017-06-09,31196.86,31289.99,31087.28,31262.06
2017-06-12,31225.43,31225.43,31044.28,31095.7
2017-06-13,31091.1,31260.77,31062.34,31103.49
2017-06-14,31147.69,31190.36,31054.94,31155.91
2017-06-15,31222.89,31229.44,31026.48,31075.73
2017-06-16,31160.47,31182.73,31017.18,31056.4
2017-06-19,31168.98,31362.15,31163.35,31311.57
2017-06-20,31392.53,31392.53,31261.49,31297.53
2017-06-21,31302.18,31336.44,31193.61,31283.64
2017-06-22,31351.53,31522.87,31255.63,31290.74
2017-06-23,31352.57,31365.39,31110.39,31138.21
2017-06-27,31194.68,31294.96,30847.08,30958.25
2017-06-28,30988.87,31000.48,30798.7,30834.32
2017-06-29,30910.97,31097.92,30794.61,30857.52
2017-06-30,30824.97,30965.45,30680.66,30921.61
2017-07-03,31156.04,31258.33,31017.11,31221.62
2017-07-04,31331.21,31353.46,31166.37,31209.79
2017-07-05,31272.72,31284.64,31177.78,31245.56
2017-07-06,31298.42,31460.7,31264.86,31369.34
2017-07-07,31373.52,31426.29,31286.62,31360.63
2017-07-10,31510.62,31768.39,31471.41,31715.64
2017-07-11,31789.5,31885.11,31718.48,31747.09
2017-07-12,31813.24,31865.69,31731.43,31804.82
2017-07-13,31896.23,32091.52,31892.63,32037.38
2017-07-14,32099.93,32109.75,31897.87,32020.75
2017-07-17,32053.98,32131.92,32037.21,32074.78
2017-07-18,31775.54,31911.61,31626.44,31710.99
2017-07-19,31882.8,31978.89,31793.72,31955.35
2017-07-20,32033.82,32057.12,31859.5,31904.4
2017-07-21,32035.88,32062.23,31808.93,32028.89
2017-07-24,32100.22,32320.86,32058.33,32245.87
2017-07-25,32350.71,32374.3,32196.86,32228.27
2017-07-26,32255.99,32413.63,32226.08,32382.46
2017-07-27,32519.44,32672.66,32325.33,32383.3
2017-07-28,32381.36,32381.36,32104.66,32309.88
2017-07-31,32412.2,32546.5,32324.45,32514.94
2017-08-01,32579.8,32632.02,32462.25,32575.17
2017-08-02,32641.58,32686.48,32394.89,32476.74
2017-08-03,32502.55,32502.55,32194.58,32237.88
2017-08-04,32191.12,32352.19,32107.99,32325.41
2017-08-07,32377.8,32396.14,32235.82,32273.67
2017-08-08,32341.05,32354.77,31915.2,32014.19
2017-08-09,31926.14,31967.28,31731.91,31797.84
2017-08-10,31750.73,31756.27,31422.8,31531.33
2017-08-11,31355.92,31379.2,31128.02,31213.59
2017-08-14,31299.52,31526.4,31298.9,31449.03
2017-08-16,31566.24,31805.99,31399.35,31770.89
2017-08-17,31919.17,31937.51,31714.1,31795.46
2017-08-18,31729.88,31729.88,31349.13,31524.68
2017-08-21,31609.93,31641.81,31220.53,31258.85
2017-08-22,31393.93,31484.28,31241.5,31291.85
2017-08-23,31407.47,31593.39,31379.25,31568.01
2017-08-24,31673.44,31678.19,31546.05,31596.06
2017-08-28,31756.87,31809.7,31701.67,31750.82
2017-08-29,31724.84,31739.8,31360.81,31388.39
2017-08-30,31534.57,31727.98,31533.02,31646.46
2017-08-31,31685.44,31757.18,31551.85,31730.49
2017-09-01,31769.34,31944.1,31707.27,31892.23
2017-09-04,31932.2,31932.2,31560.32,31702.25
2017-09-05,31755.16,31863.47,31674.23,31809.55
2017-09-06,31713.5,31727.85,31586.53,31661.97
2017-09-07,31738.74,31814.96,31620.44,31662.74
2017-09-08,31694.15,31763.7,31619,31687.52
2017-09-11,31798.31,31952.87,31797.89,31882.16
2017-09-12,32029.15,32172.46,31950.24,32158.66
2017-09-13,32188.95,32348.3,32126.77,32186.41
2017-09-14,32289.26,32328.61,32186.84,32241.93
2017-09-15,32207.63,32356.11,32138.38,32272.61
2017-09-18,32361.37,32508.06,32361.25,32423.76
2017-09-19,32522.44,32524.11,32358.63,32402.37
2017-09-20,32467.1,32499.88,32383.82,32400.51
2017-09-21,32406.42,32462.61,32164.42,32370.04
2017-09-22,32339.5,32342.81,31886.09,31922.44
2017-09-25,31986.4,32016.52,31474.56,31626.63
2017-09-26,31685.81,31693.59,31455.65,31599.76
2017-09-27,31785.24,31797.46,31100.8,31159.81
2017-09-28,31216.36,31340.91,31081.83,31282.48
2017-09-29,31367.25,31523.87,31243.71,31283.72
2017-10-03,31537.81,31615.28,31440.48,31497.38
2017-10-04,31522.17,31752.16,31457.78,31671.71
2017-10-05,31725.85,31772.41,31562.25,31592.03
2017-10-06,31633.34,31844.28,31632.81,31814.22
2017-10-09,31862.2,31935.63,31781.75,31846.89
2017-10-10,31910.82,31994.77,31896.9,31924.41
2017-10-11,31975.59,32098.46,31769.4,31833.99
2017-10-12,31887.47,32209.03,31813.67,32182.22
2017-10-13,32247.74,32508.59,32247.74,32432.69
2017-10-16,32488.23,32687.32,32445.43,32633.64
2017-10-17,32654.41,32699.86,32556.74,32609.16
2017-10-18,32518.56,32670.32,32462.85,32584.35
2017-10-19,32656.75,32663.06,32319.37,32389.96
2017-10-23,32411.86,32614.89,32312.74,32506.72
2017-10-24,32619.26,32670.37,32502.08,32607.34
2017-10-25,32995.28,33117.33,32804.6,33042.5
2017-10-26,33025.17,33196.17,32835.06,33147.13
2017-10-27,33228.32,33286.51,33109.41,33157.22
2017-10-30,33260.1,33340.17,33206.93,33266.16
2017-10-31,33254.93,33294.3,33164.28,33213.13
2017-11-01,33344.23,33651.52,33340.62,33600.27
2017-11-02,33615.84,33657.57,33527,33573.22
2017-11-03,33667.34,33733.71,33531.94,33685.56
2017-11-06,33710.15,33848.42,33582.38,33731.19
2017-11-07,33781.01,33865.95,33341.82,33370.76
2017-11-08,33417.35,33484.7,33157.68,33218.81
2017-11-09,33376.62,33463.8,33111.54,33250.93
2017-11-10,33235.75,33380.42,33108.09,33314.56
2017-11-13,33397.41,33417.3,32999.98,33033.56
2017-11-14,32990.03,33126.55,32907.11,32941.87
2017-11-15,32944.94,32944.94,32683.59,32760.44
2017-11-16,32829.82,33165.15,32829.82,33106.82
2017-11-17,33388.47,33520.82,33278.91,33342.8
2017-11-20,33365.84,33449.53,33288.21,33359.9
2017-11-21,33438.28,33625.05,33437.61,33478.35
2017-11-22,33569.07,33654.53,33465.23,33561.55
2017-11-23,33575.91,33670.19,33468.3,33588.08
2017-11-24,33670,33738.53,33639.98,33679.24
2017-11-27,33640.51,33745.17,33540.46,33724.44
2017-11-28,33726.65,33770.15,33576.65,33618.59
2017-11-29,33664.27,33728.81,33553.12,33602.76
2017-11-30,33542.5,33576.2,33108.72,33149.35
2017-12-01,33247.66,33300.81,32797.78,32832.94
2017-12-04,32968.02,33008.47,32785.76,32869.72
2017-12-05,32814.03,32893.05,32682.52,32802.44
2017-12-06,32798.5,32804.75,32565.16,32597.18
2017-12-07,32615.05,32992.45,32598.12,32949.21
2017-12-08,33034.2,33285.68,33034.2,33250.3
2017-12-11,33317.72,33535.97,33313.17,33455.79
2017-12-12,33426.59,33458.41,33179.75,33227.99
2017-12-13,33229.73,33404.26,32988.82,33053.04
2017-12-14,33114.69,33321.52,32886.93,33246.7
2017-12-15,33456.02,33621.96,33405.82,33462.97
2017-12-18,33364.52,33801.9,32595.63,33601.68
2017-12-19,33732.08,33862.07,33666.62,33836.74
2017-12-20,33928.59,33956.31,33754.94,33777.38
2017-12-21,33826.25,33860.99,33707.8,33756.28
2017-12-22,33768.47,33964.28,33767.73,33940.3
2017-12-26,33980.76,34061.88,33889.75,34010.61
2017-12-27,34087.32,34137.97,33839.51,33911.81
2017-12-28,33928.86,34023.65,33752.03,33848.03
2017-12-29,33889.39,34086.05,33889.39,34056.83
2018-01-01,34059.99,34101.13,33766.15,33812.75
2018-01-02,33913.55,33964.14,33703.37,33812.26
2018-01-03,33929.61,33998.37,33765.43,33793.38
2018-01-04,33912.49,33995.4,33802.13,33969.64
2018-01-05,34021.27,34188.85,34020.84,34153.85
2018-01-08,34216.33,34385.67,34216.33,34352.79
2018-01-09,34431.61,34488.03,34343.41,34443.19
2018-01-10,34538.78,34565.63,34311.63,34433.07
2018-01-11,34471.48,34558.88,34400.61,34503.49
2018-01-12,34578.99,34638.42,34342.16,34592.39
2018-01-15,34687.21,34963.69,34687.21,34843.51
2018-01-16,34877.71,34936.03,34735.55,34771.05
2018-01-17,34753.8,35118.61,34700.82,35081.82
2018-01-18,35366.45,35507.36,35166.44,35260.29
2018-01-19,35339.11,35542.17,35221.16,35511.58
2018-01-22,35613.97,35827.7,35544.68,35798.01
2018-01-23,35868.19,36170.83,35863.98,36139.98
2018-01-24,36161.62,36268.19,36036.51,36161.64
2018-01-25,36208.39,36247.02,35823.35,36050.44
2018-01-29,36106.36,36443.98,36093.36,36283.25
2018-01-30,36277.12,36291.82,35993.41,36033.73
2018-01-31,35951.64,36050.69,35818.41,35965.02
2018-02-01,36048.99,36256.83,35501.74,35906.66
2018-02-02,35707.6,35738.13,35006.41,35066.75
2018-02-05,34718.85,34874.17,34520.8,34757.16
2018-02-06,33753.78,34521.01,33482.81,34195.94
2018-02-07,34563.3,34666.33,34008.42,34082.71
2018-02-08,34208.11,34634.35,34108.76,34413.16
2018-02-09,34002.45,34070.73,33849.65,34005.76
2018-02-12,34203.34,34351.34,34115.12,34300.47
2018-02-14,34436.98,34473.43,34028.68,34155.95
2018-02-15,34207.57,34535.08,34186.01,34297.47
2018-02-16,34411.24,34508.24,33957.33,34010.76
2018-02-19,34053.95,34122.96,33554.37,33774.66
2018-02-20,33913.94,33960.95,33657.89,33703.59
2018-02-21,33813.83,33911.36,33702.5,33844.86
2018-02-22,33817.09,33868.74,33691.42,33819.5
2018-02-23,33832,34167.6,33832,34142.15
2018-02-26,34225.72,34483.39,34225.72,34445.75
2018-02-27,34558.56,34610.79,34314.87,34346.39
2018-02-28,34155.63,34302.74,34076.45,34184.04
2018-03-01,34141.22,34278.63,34015.79,34046.94
2018-03-05,34034.28,34034.28,33653.41,33746.78
2018-03-06,34047.43,34060.13,33209.76,33317.2
2018-03-07,33279.39,33331.21,32991.14,33033.09
2018-03-08,33244.52,33439.97,33037.48,33351.57
2018-03-09,33465.05,33519.49,33256.42,33307.14
2018-03-12,33468.16,33962.48,33468.16,33917.94
2018-03-13,33818.22,34077.32,33722.96,33856.78
2018-03-14,33733.55,33875.15,33580.69,33835.74
2018-03-15,33843.47,33866.28,33637.28,33685.54
2018-03-16,33685.86,33691.32,33119.92,33176
2018-03-19,33268.97,33275.79,32856.54,32923.12
2018-03-20,32876.48,33102.74,32810.86,32996.76
2018-03-21,33090.82,33354.93,33070.53,33136.18
2018-03-22,33206.99,33281.77,32963.31,33006.27
2018-03-23,32650.89,32720.03,32483.84,32596.54
2018-03-26,32536.44,33115.41,32515.17,33066.41
2018-03-27,33172.98,33371.04,33077.13,33174.39
2018-03-28,33098.09,33104.11,32917.66,32968.68
2018-04-02,33030.87,33289.34,32997.88,33255.36
2018-04-03,33197.42,33402.94,33153.83,33370.63
2018-04-04,33437.52,33505.53,32972.56,33019.07
2018-04-05,33289.96,33637.46,33267.86,33596.8
2018-04-06,33608.59,33697.51,33501.37,33626.97
2018-04-09,33653.61,33846.5,33578.91,33788.54
2018-04-10,33880.11,33949.98,33813.3,33880.25
2018-04-11,33970.35,33981.54,33750.74,33940.44
2018-04-12,33987.55,34177.44,33924.88,34101.13
2018-04-13,34167.53,34313.14,34103.53,34192.65
2018-04-16,33944.73,34341.46,33899.34,34305.43
2018-04-17,34381.8,34434.14,34229.83,34395.06
2018-04-18,34443.42,34591.81,34270.04,34331.68
2018-04-19,34403.67,34478.82,34358.91,34427.29
2018-04-20,34434.14,34487.33,34311.29,34415.58
2018-04-23,34493.69,34663.95,34259.27,34450.77
2018-04-24,34491.38,34706.71,34465.49,34616.64
2018-04-25,34593.17,34631.27,34400.56,34501.27
2018-04-26,34532.95,34747.97,34505.62,34713.6
2018-04-27,34747.04,35065.37,34744.73,34969.7
2018-04-30,35021.2,35213.3,35004,35160.36
2018-05-02,35328.91,35357.15,35072.42,35176.42
2018-05-03,35257.31,35257.31,35020.08,35103.14
2018-05-04,35144.96,35206.55,34847.61,34915.38
2018-05-07,34983.59,35259.81,34977.74,35208.14
2018-05-08,35349.85,35388.87,35136.01,35216.32
2018-05-09,35198.08,35404.83,35134.2,35319.35
2018-05-10,35353.96,35500.76,35203.85,35246.27
2018-05-11,35287.99,35596.15,35262.06,35535.79
2018-05-14,35555.83,35642.72,35456.56,35556.71
2018-05-15,35537.85,35993.53,35497.92,35543.94
2018-05-16,35452.35,35543.89,35241.63,35387.88
2018-05-17,35483.62,35510.01,35087.82,35149.12
2018-05-18,35143.59,35163.11,34821.62,34848.3
2018-05-21,34873.16,34973.95,34593.82,34616.13
2018-05-22,34601.49,34754.6,34550.22,34651.24
2018-05-23,34656.63,34668.47,34302.89,34344.91
2018-05-24,34404.14,34741.46,34367.83,34663.11
2018-05-25,34753.47,35017.93,34700.52,34924.87
2018-05-28,35074.32,35240.96,35006.5,35165.48
2018-05-29,35213.14,35234.14,34922.18,34949.24
2018-05-30,34876.13,35017.45,34735.11,34906.11
2018-05-31,35083.81,35416.03,34926.08,35322.38
2018-06-01,35373.98,35438.22,35177.35,35227.26
2018-06-04,35503.24,35555.59,34982.25,35011.89
2018-06-05,35029.45,35073.12,34784.68,34903.21
2018-06-06,34932.49,35230.54,34896.37,35178.88
2018-06-07,35278.38,35628.49,35278.38,35463.08
2018-06-08,35406.47,35484.94,35260,35443.67
2018-06-11,35472.59,35704.84,35444.49,35483.47
2018-06-12,35525.3,35743.08,35479.07,35692.52
2018-06-13,35835.44,35877.41,35715.96,35739.16
2018-06-14,35743.1,35749.88,35488.55,35599.82
2018-06-15,35656.26,35675.2,35419.68,35622.14
2018-06-18,35698.43,35721.55,35518.73,35548.26
2018-06-19,35552.47,35552.47,35249.06,35286.74
2018-06-20,35329.61,35571.37,35329.51,35547.33
2018-06-21,35644.05,35678.69,35396.97,35432.39
2018-06-22,35428.42,35741.26,35344.49,35689.6
2018-06-25,35783.75,35806.97,35430.11,35470.35
2018-06-26,35355.72,35616.64,35338.09,35490.04
2018-06-27,35543.89,35618.85,35154.21,35217.11
2018-06-28,35207.19,35282.4,34937.15,35037.64
2018-06-29,35128.16,35459.05,35099.65,35423.48
2018-07-02,35545.22,35578.24,35106.57,35264.41
2018-07-03,35344.21,35445.21,35195.63,35378.6
2018-07-04,35385.52,35667.31,35309.67,35645.4
2018-07-05,35703.17,35748.26,35517.79,35574.55
2018-07-06,35543.66,35799.71,35532.21,35657.86
2018-07-09,35835.1,35977.37,35779.72,35934.72
2018-07-10,36068.27,36274.33,36019.63,36239.62
2018-07-11,36299.26,36362.3,36169.7,36265.93
2018-07-12,36424.23,36699.53,36422.08,36548.41
2018-07-13,36635.14,36740.07,36501.61,36541.63
2018-07-16,36658.71,36658.71,36298.94,36323.77
2018-07-17,36390.99,36549.55,36261.78,36519.96
2018-07-18,36722.41,36747.87,36320.92,36373.44
2018-07-19,36509.08,36515.58,36279.33,36351.23
2018-07-20,36377.03,36567.34,36335.61,36496.37
2018-07-23,36501.05,36749.69,36491.83,36718.6
2018-07-24,36859.39,36902.06,36709.72,36825.1
2018-07-25,36928.06,36947.18,36803.15,36858.23
2018-07-26,36928.38,37061.62,36852.53,36984.64
2018-07-27,37253.86,37368.62,37134.88,37336.85
2018-07-30,37491.39,37533.5,37292.45,37494.4
2018-07-31,37534.95,37644.59,37298.75,37606.58
2018-08-01,37643.87,37711.87,37432.91,37521.62
2018-08-02,37529.69,37529.69,37128.99,37165.16
2018-08-03,37327.16,37582.27,37319.61,37556.16
2018-08-06,37714.7,37805.25,37643.29,37691.89
2018-08-07,37849.21,37876.87,37586.88,37665.8
2018-08-08,37756.24,37931.42,37641.4,37887.56
2018-08-09,37994.51,38076.23,37939.28,38024.37
2018-08-10,38050.07,38051.45,37815.75,37869.23
2018-08-13,37693.19,37799.54,37559.26,37644.9
2018-08-14,37749.59,37932.4,37689.71,37852
2018-08-16,37796.01,37891.92,37634.13,37663.56
2018-08-17,37898.6,38022.32,37840.16,37947.88
2018-08-20,38075.07,38340.69,38050.69,38278.75
2018-08-21,38360.32,38402.96,38213.87,38285.75
2018-08-23,38416.65,38487.63,38227.36,38336.76
2018-08-24,38366.79,38429.5,38172.77,38251.8
2018-08-27,38472.03,38736.88,38416.73,38694.11
2018-08-28,38814.76,38938.91,38760.58,38896.63
2018-08-29,38989.65,38989.65,38679.57,38722.93
2018-08-30,38796.98,38819.06,38581.83,38690.1
2018-08-31,38704.84,38838.45,38562.21,38645.07
2018-09-03,38915.91,38934.35,38270.01,38312.52
2018-09-04,38460.96,38518.56,38098.6,38157.92
2018-09-05,38192.95,38250.61,37774.42,38018.31
2018-09-06,38161.85,38320.96,37912.5,38242.81
2018-09-07,38314.55,38421.56,38067.22,38389.82
2018-09-10,38348.39,38354.52,37882.83,37922.17
2018-09-11,38017.49,38043.27,37361.2,37413.13
2018-09-12,37546.42,37752.58,37342,37717.96
2018-09-14,37939.29,38125.62,37859.52,38090.64
2018-09-17,38027.81,38027.81,37548.93,37585.51
2018-09-18,37660.19,37745.44,37242.85,37290.67
2018-09-19,37432.93,37530.63,37062.69,37121.22
2018-09-21,37278.89,37489.24,35993.64,36841.6
2018-09-24,36924.72,36945.5,36216.95,36305.02
2018-09-25,36350.25,36705.79,36064.1,36652.06
2018-09-26,36936.64,36938.74,36357.93,36542.27
2018-09-27,36691.93,36711.62,36238.23,36324.17
2018-09-28,36452.74,36551.86,35985.63,36227.14
2018-10-01,36274.25,36616.64,35960.65,36526.14
2018-10-03,36602.85,36602.85,35911.82,35975.63
2018-10-04,35820.53,35820.53,35022.12,35169.16
2018-10-05,35097.99,35118.54,34202.22,34376.99
2018-10-08,34412.36,34636.43,33974.66,34474.38
2018-10-09,34651.82,34711.68,34233.5,34299.47
2018-10-10,34493.21,34858.35,34346.5,34760.89
2018-10-11,34063.82,34325.18,33723.53,34001.15
2018-10-12,34291.92,34808.42,34279.78,34733.58
2018-10-15,34971.83,35008.65,34559.98,34865.1
2018-10-16,35004.33,35215.79,34913.06,35162.48
2018-10-17,35543.38,35605.43,34727.16,34779.58
2018-10-19,34563.29,34563.29,34140.32,34315.63
2018-10-22,34689.39,34748.69,34082.76,34134.38
2018-10-23,33935.88,34073.92,33742.75,33847.23
2018-10-24,34203.7,34300.97,33726.07,34033.96
2018-10-25,33778.6,33838.76,33553.18,33690.09
2018-10-26,33776.8,33776.8,33291.58,33349.31
2018-10-29,33549.88,34154.6,33341.8,34067.4
2018-10-30,34068.92,34176.36,33799.79,33891.13
2018-10-31,33963.09,34463.38,33587.24,34442.05
2018-11-01,34650.63,34679.93,34303.38,34431.97
2018-11-02,34743.95,35190.2,34649.8,35011.65
2018-11-05,35118.62,35123.41,34811.6,34950.92
2018-11-06,35076.24,35196.03,34889.72,34991.91
2018-11-07,35301.88,35302.25,35183.17,35237.68
2018-11-09,35258.13,35287.29,35011.23,35158.55
2018-11-12,35287.49,35333.22,34756.8,34812.99
2018-11-13,34846.19,35187.75,34672.2,35144.49
2018-11-14,35330.14,35351.88,34986.86,35141.99
2018-11-15,35145.75,35402,35118.42,35260.54
2018-11-16,35398.7,35545.85,35324.37,35457.16
2018-11-19,35647.62,35818.83,35511.1,35774.88
2018-11-20,35730.77,35731.67,35416.18,35474.51
2018-11-21,35492.62,35494.25,35112.49,35199.8
2018-11-22,35282.33,35364.5,34937.98,34981.02
2018-11-26,35118.09,35397.24,34896.07,35354.08
2018-11-27,35394.77,35555.16,35262.97,35513.14
2018-11-28,35635.52,35822.16,35605.34,35716.95
2018-11-29,35997.29,36253.85,35946.24,36170.41
2018-11-30,36304.43,36389.22,36082.97,36194.3
2018-12-03,36396.69,36446.16,36099.68,36241
2018-12-04,36290.48,36295.84,36036.39,36134.31
2018-12-05,36035.65,36048.65,35777.81,35884.41
2018-12-06,35694.25,35707.23,35266.76,35312.13
2018-12-07,35494.86,35730.05,35378.27,35673.25
2018-12-10,35204.66,35246.97,34915.77,34959.72
2018-12-11,34584.13,35207.33,34426.29,35150.01
2018-12-12,35277.84,35826.58,35167.47,35779.07
2018-12-13,36024.88,36095.56,35794.51,35929.64
2018-12-14,35960.19,36019.02,35813.85,35962.93
2018-12-17,36129.13,36312.31,36123.62,36270.07
2018-12-18,36226.38,36375.38,36046.52,36347.08
2018-12-19,36441.46,36554.99,36381.87,36484.33
2018-12-20,36321.18,36475.52,36202.9,36431.67
2018-12-21,36449.27,36483.49,35694.74,35742.07
2018-12-24,35859.66,35910.67,35423.24,35470.15
2018-12-26,35443.16,35711.26,35010.82,35649.94
2018-12-27,36002.11,36041.24,35781.95,35807.28
2018-12-28,35911.99,36194.78,35911.99,36076.72
2018-12-31,36239.19,36285.46,36033.95,36068.33
2019-01-01,36161.8,36284.04,35888.62,36254.57
2019-01-02,36198.13,36236.7,35734.01,35891.52
2019-01-03,35934.5,35999.66,35475.57,35513.71
2019-01-04,35590.79,35744.2,35382.08,35695.1
2019-01-07,35971.18,36076.95,35809.23,35850.16
2019-01-08,35964.62,36037.35,35753.95,35980.93
2019-01-09,36181.37,36250.54,35863.29,36212.91
2019-01-10,36258,36269.31,36070.76,36106.5
2019-01-11,36191.87,36214.26,35840.6,36009.84
2019-01-14,36113.27,36124.94,35691.75,35853.56
2019-01-15,35950.08,36349.31,35950.08,36318.33
2019-01-16,36370.74,36462.03,36278.61,36321.29
2019-01-17,36413.6,36468.42,36170.8,36374.08
2019-01-18,36417.58,36469.98,36218.33,36386.61
2019-01-21,36467.12,36701.03,36351.77,36578.96
2019-01-22,36649.92,36650.47,36282.93,36444.64
2019-01-23,36494.12,36521.47,36037.9,36108.47
2019-01-24,36146.55,36258.28,35996.68,36195.1
2019-01-25,36245.77,36474.48,35953.15,36025.54
2019-01-28,36099.62,36124.26,35565.15,35656.7
2019-01-29,35716.72,35734.14,35375.51,35592.5
2019-01-30,35819.67,35850.41,35490.97,35591.25
2019-01-31,35805.51,36278.13,35740.07,36256.69
2019-02-01,36311.74,36778.14,36221.32,36469.43
2019-02-04,36456.22,36622.77,36225.48,36582.74
2019-02-05,36573.04,36727.83,36495.83,36616.81
2019-02-06,36714.54,37005.25,36680.88,36975.23
2019-02-07,37026.56,37172.18,36898.8,36971.09
2019-02-08,36873.59,36885.58,36480.62,36546.48
2019-02-11,36585.5,36588.41,36300.48,36395.03
2019-02-12,36405.72,36465.4,36113.91,36153.62
2019-02-13,36279.63,36375.8,35962.68,36034.11
2019-02-14,36065.08,36109.1,35799.42,35876.22
2019-02-15,35985.68,36022.57,35510.97,35808.95
2019-02-18,35831.18,35912.44,35470.76,35498.44
2019-02-19,35543.24,35776.04,35287.16,35352.61
2019-02-20,35564.93,35797.11,35469.49,35756.26
2019-02-21,35837,35983.07,35707.29,35898.35
2019-02-22,35906.01,35941.69,35795.79,35871.48
2019-02-25,35983.8,36242.18,35901.06,36213.38
2019-02-26,35975.75,36172.52,35714.16,35973.71
2019-02-27,36138.83,36371.11,35735.33,35905.43
2019-02-28,36025.72,36085.85,35829.15,35867.44
2019-03-01,36018.49,36140.67,35952.41,36063.81
2019-03-05,36141.07,36457.44,35926.94,36442.54
2019-03-06,36544.86,36666.47,36456.82,36636.1
2019-03-07,36744.02,36830.25,36590.88,36725.42
2019-03-08,36753.59,36753.59,36592.93,36671.43
2019-03-11,36741.57,37106.19,36726.39,37054.1
2019-03-12,37249.65,37586.63,37230.85,37535.66
2019-03-13,37608.29,37797.29,37478.87,37752.17
2019-03-14,37840.64,37907.78,37693.69,37754.89
2019-03-15,37760.23,38254.77,37760.23,38024.32
2019-03-18,38132.96,38369.59,37952.1,38095.07
2019-03-19,38218.59,38396.06,38078.23,38363.47
2019-03-20,38433.86,38489.81,38316.21,38386.75
2019-03-22,38452.47,38564.71,38089.36,38164.61
2019-03-25,38016.76,38016.76,37667.4,37808.91
2019-03-26,37886.29,38297.7,37800.08,38233.41
2019-03-27,38372.03,38475.93,38001.34,38132.88
2019-03-28,38208.3,38593.65,38148.44,38545.72
2019-03-29,38675,38748.54,38546.68,38672.91
2019-04-01,38858.88,39115.57,38808.74,38871.87
2019-04-02,38988.57,39121.69,38846.96,39056.65
2019-04-03,39167.05,39270.14,38826.56,38877.12
2019-04-04,38935.75,38939.35,38581.04,38684.72
2019-04-05,38839.52,38958.6,38701.04,38862.23
2019-04-08,38993.6,39041.25,38520.96,38700.53
2019-04-09,38730.93,38978.99,38598.72,38939.22
2019-04-10,38898.6,38950.45,38542.28,38585.35
2019-04-11,38621.58,38649.98,38460.25,38607.01
2019-04-12,38692.06,38818.87,38554.79,38767.11
2019-04-15,38805.54,38976.58,38780.08,38905.84
2019-04-16,39040.3,39364.34,39038.81,39275.64
2019-04-18,39420.04,39487.45,39083.16,39140.28
2019-04-22,39158.22,39158.22,38585.65,38645.18
2019-04-23,38771.27,38832.61,38518.26,38564.88
2019-04-24,38672.63,39095.35,38571,39054.68
2019-04-25,39101.78,39262.22,38663.98,38730.86
2019-04-26,38865.83,39103.16,38765.33,39067.33
2019-04-30,39056.92,39105.88,38753.46,39031.55
2019-05-02,39036.51,39189.95,38882.99,38981.43
2019-05-03,39009.55,39172.76,38920.17,38963.26
2019-05-06,38719.33,38719.33,38509.79,38600.34
2019-05-07,38815.46,38835.54,38236.18,38276.63
2019-05-08,38244.18,38248.57,37743.07,37789.13
2019-05-09,37747.91,37780.46,37405.4,37558.91
2019-05-10,37632.36,37721.98,37370.39,37462.99
2019-05-13,37491.3,37583.57,36999.84,37090.82
2019-05-14,37146.58,37572.7,36956.1,37318.53
2019-05-15,37539.05,37559.67,37047.87,37114.88
2019-05-16,37179.13,37518.94,37052.3,37393.48
2019-05-17,37494.42,38001.13,37415.36,37930.77
2019-05-20,38701.18,39412.56,38570.04,39352.67
2019-05-21,39449.45,39571.73,38884.85,38969.8
2019-05-22,39086.21,39249.08,38903.87,39110.21
2019-05-23,39591.77,40124.96,38651.61,38811.39
2019-05-24,39076.28,39476.97,38824.26,39434.72
2019-05-27,39536.23,39821.94,39353.16,39683.29
2019-05-28,39765.64,39828.65,39498.65,39749.73
2019-05-29,39714.27,39767.93,39420.5,39502.05
2019-05-30,39580.28,39911.92,39500.56,39831.97
2019-05-31,39998.91,40122.34,39374.24,39714.2
2019-06-03,39806.86,40308.9,39711.02,40267.62
2019-06-04,40196,40312.07,40031.05,40083.54
2019-06-06,40136.43,40159.26,39481.15,39529.72
2019-06-07,39581.77,39703.1,39279.47,39615.9
2019-06-10,39787.33,39979.48,39619.97,39784.52
2019-06-11,39900.45,40066.31,39760.02,39950.46
2019-06-12,39974.18,39982.1,39623.53,39756.81
2019-06-13,39679.35,39800.81,39461.27,39741.36
2019-06-14,39797,39799.9,39363.45,39452.07
2019-06-17,39514.36,39540.42,38911.49,38960.79
2019-06-18,39056.98,39167.83,38870.96,39046.34
2019-06-19,39176.56,39435.8,38881.05,39112.74
2019-06-20,39042.96,39638.64,38933.78,39601.63
2019-06-21,39608.25,39617.95,39121.3,39194.49
2019-06-24,39160.23,39300.02,39021.7,39122.96
2019-06-25,39131.94,39490.64,38946.04,39434.94
2019-06-26,39379.13,39674.22,39319.64,39592.08
2019-06-27,39633.97,39817.22,39510.44,39586.41
2019-06-28,39630.52,39675.25,39361.92,39394.64
2019-07-01,39543.73,39764.82,39541.09,39686.5
2019-07-02,39811.68,39838.49,39499.19,39816.48
2019-07-03,39907.57,39934.99,39732.38,39839.25
2019-07-04,39917.65,39979.1,39858.33,39908.06
2019-07-05,39990.4,40032.41,39441.38,39513.39
2019-07-08,39476.38,39476.38,38605.48,38720.57
2019-07-09,38754.47,38814.23,38435.87,38730.82
2019-07-10,38701.99,38854.85,38474.66,38557.04
2019-07-11,38751.62,38892.5,38631.31,38823.11
2019-07-12,38941.1,39021.84,38684.85,38736.23
2019-07-15,39009.95,39023.97,38696.6,38896.71
2019-07-16,38961.86,39173.89,38845.27,39131.04
2019-07-17,39171.1,39284.73,39081.14,39215.64
2019-07-18,39204.47,39204.47,38861.25,38897.46
2019-07-19,39058.73,39058.73,38271.35,38337.01
2019-07-22,38333.52,38333.52,37890.32,38031.13
2019-07-23,38138.56,38217.81,37898.9,37982.74
2019-07-24,37990.23,38102.84,37708.41,37847.65
2019-07-25,37935.02,38169.87,37775.51,37830.98
2019-07-26,37831.18,37978.07,37690.47,37882.79
2019-07-29,38043.22,38043.22,37519.16,37686.37
2019-07-30,37735.54,37950.21,37359.03,37397.24
2019-07-31,37257.55,37576.37,37128.26,37481.12
2019-08-01,37387.18,37387.18,36694.18,37018.32
2019-08-02,36920.11,37375.16,36607.41,37118.22
2019-08-05,36842.17,36844.05,36416.79,36699.84
2019-08-06,36568.03,37241.77,36536.59,36976.85
2019-08-07,37025.27,37104.79,36610.57,36690.5
2019-08-08,36808.01,37405.48,36655.41,37327.36
2019-08-09,37521.3,37807.55,37406.26,37581.91
2019-08-13,37755.16,37755.16,36888.49,36958.16
2019-08-14,37233.5,37473.61,37000.77,37311.53
2019-08-16,37383,37444.45,36974.41,37350.33
2019-08-19,37485.92,37718.88,37358.49,37402.49
2019-08-20,37441.75,37511.55,37219.9,37328.01
2019-08-21,37298.73,37406.55,37022.52,37060.37
2019-08-22,37087.58,37087.58,36391.35,36472.93
2019-08-23,36387.68,36807.34,36102.35,36701.16
2019-08-26,37363.95,37544.48,36492.65,37494.12
2019-08-27,37658.48,37731.51,37449.69,37641.27
2019-08-28,37655.77,37687.82,37249.19,37451.84
2019-08-29,37381.8,37381.8,36987.35,37068.93
2019-08-30,37222.26,37397.97,36829.81,37332.79
2019-09-03,37181.76,37188.38,36466.01,36562.91
2019-09-04,36575.24,36776.31,36409.54,36724.74
2019-09-05,36821.71,36898.99,36541.88,36644.42
2019-09-06,36785.59,37012.98,36727.66,36981.77
2019-09-09,36969.48,37244.08,36784.47,37145.45
2019-09-11,37251.03,37343.46,37193.57,37270.82
2019-09-12,37330.47,37435.15,37048.67,37104.28
2019-09-13,37175.86,37413.5,37000.09,37384.99
2019-09-16,37204.56,37302.06,37028.94,37123.31
2019-09-17,37169.46,37169.56,36419.09,36481.09
2019-09-18,36621.38,36712.99,36465.92,36563.88
2019-09-19,36613.93,36613.93,35987.8,36093.47
2019-09-20,36214.92,38378.02,36085.74,38014.62
2019-09-23,38844,39441.12,38674.04,39090.03
2019-09-24,39135.28,39306.37,38913.06,39097.14
2019-09-25,39087.2,39087.2,38510.97,38593.52
2019-09-26,38700.48,39158.07,38676.11,38989.74
2019-09-27,39003.13,39107.37,38782.6,38822.57
2019-09-30,38873.12,38873.12,38401.09,38667.33
2019-10-01,38813.48,38923.78,37929.89,38305.41
2019-10-03,38137.87,38310.93,37957.56,38106.87
2019-10-04,38401.49,38403.54,37633.36,37673.31
2019-10-07,37853.8,37919.47,37480.53,37531.98
2019-10-09,37628.05,38209.84,37415.83,38177.95
2019-10-10,38130.23,38130.23,37802.93,37880.4
2019-10-11,37994.48,38345.41,37737.85,38127.08
2019-10-14,38208.24,38513.69,38066.13,38214.47
2019-10-15,38316.49,38635.19,38238.27,38506.09
2019-10-16,38637.05,38666.38,38416.67,38598.99
2019-10-17,38647.44,39104.69,38557.43,39052.06
2019-10-18,39087.83,39361.06,38963.6,39298.38
2019-10-22,39233.4,39426.47,38924.85,38963.84
2019-10-23,39063.84,39196.67,38866.08,39058.83
2019-10-24,39223.01,39327.15,38840.76,39020.39
2019-10-25,39201.67,39241.61,38718.27,39058.06
2019-10-27,39397.37,39402.23,39180.39,39250.2
2019-10-29,39293.49,39917.01,39254.12,39831.84
2019-10-30,40055.63,40178.12,39805.11,40051.87
2019-10-31,40211.99,40392.22,40054.89,40129.05
2019-11-01,40196.07,40283.3,40014.23,40165.03
2019-11-04,40293.85,40483.21,40186.29,40301.96
2019-11-05,40445.67,40466.55,40053.55,40248.23
2019-11-06,40311.85,40606.91,40037.53,40469.78
2019-11-07,40625.64,40688.27,40421.07,40653.74
2019-11-08,40630.56,40749.33,40263.94,40323.61
2019-11-11,40316.5,40417.44,40150.97,40345.08
2019-11-13,40346.43,40447.17,40061.23,40116.06
2019-11-14,40178.93,40348.61,40026.99,40286.48
2019-11-15,40408.2,40650.06,40308.09,40356.69
2019-11-18,40431.08,40542.4,40221.97,40284.19
2019-11-19,40455.36,40544.13,40290.21,40469.7
2019-11-20,40729.8,40816.38,40575.96,40651.64
2019-11-21,40737.31,40744.85,40534.12,40575.17
2019-11-22,40653.17,40653.17,40276.83,40359.41
2019-11-25,40439.66,40931.71,40393.9,40889.23
2019-11-26,41022.85,41120.28,40710.2,40821.3
2019-11-27,40979.39,41075.76,40848.7,41020.61
2019-11-28,41161.54,41163.79,40996.08,41130.17
2019-11-29,41138.26,41143.22,40664.18,40793.81
2019-12-02,41072.94,41093.99,40707.63,40802.17
2019-12-03,40852.61,40885.03,40554.04,40675.45
2019-12-04,40606.01,40886.87,40475.83,40850.29
2019-12-05,40988.14,41002.41,40720.17,40779.59
2019-12-06,40952.13,40952.13,40337.53,40445.15
2019-12-09,40527.24,40645.63,40336.56,40487.43
2019-12-10,40588.81,40588.81,40208.7,40239.88
2019-12-11,40285.2,40466.13,40135.37,40412.57
2019-12-12,40561.34,40712.65,40490.69,40581.71
2019-12-13,40754.82,41055.8,40736.7,41009.71
2019-12-16,41168.85,41185.03,40917.93,40938.72
2019-12-17,41052.36,41401.65,41005.18,41352.17
2019-12-18,41442.75,41614.77,41358.47,41558.57
2019-12-19,41571.82,41719.29,41456.4,41673.92
2019-12-20,41746.2,41809.96,41636.11,41681.54
2019-12-23,41548.26,41701.62,41474.61,41642.66
2019-12-24,41684.51,41702.98,41423.07,41461.26
2019-12-26,41543.8,41543.8,41132.89,41163.76
2019-12-27,41297.08,41611.27,41264.92,41575.14
2019-12-30,41686.27,41714.73,41453.38,41558
2019-12-31,41607.49,41607.49,41184.73,41253.74
2020-01-01,41349.36,41443.52,41251.18,41306.02
2020-01-02,41340.27,41649.29,41328.45,41626.64
2020-01-03,41634.51,41636.18,41348.68,41464.61
2020-01-06,41378.34,41378.34,40613.96,40676.63
2020-01-07,40983.04,41230.14,40727.37,40869.47
2020-01-08,40574.83,40866.36,40476.55,40817.74
2020-01-09,41216.67,41482.12,41175.72,41452.35
2020-01-10,41568.2,41775.11,41447.8,41599.72
2020-01-13,41788.21,41899.63,41720.76,41859.69
2020-01-14,41883.09,41994.26,41770.9,41952.63
2020-01-15,41969.86,41969.86,41648.11,41872.73
2020-01-16,41924.74,42059.45,41812.28,41932.56
2020-01-17,41929.02,42063.93,41850.29,41945.37
2020-01-20,42263,42273.87,41503.37,41528.91
2020-01-21,41487.57,41532.59,41294.3,41323.81
2020-01-22,41467.13,41532.29,41059.04,41115.38
2020-01-23,41191.5,41413.96,41098.91,41386.4
2020-01-24,41377.04,41697.03,41275.6,41613.19
2020-01-27,41510.68,41516.27,41122.48,41155.12
2020-01-28,41299.68,41333.25,40869.75,40966.86
2020-01-29,41131.57,41334.86,41108.19,41198.66
2020-01-30,41380.14,41380.14,40829.91,40913.82
2020-01-31,41146.56,41154.49,40671.01,40723.49
2020-02-01,40753.18,40905.78,39631.24,39735.53
2020-02-03,39701.02,40014.9,39563.07,39872.31
2020-02-04,40178.74,40818.94,40117.46,40789.38
2020-02-05,40921.71,41177,40703.32,41142.66
2020-02-06,41209.13,41405.43,41113.11,41306.03
2020-02-07,41394.41,41394.41,41073.36,41141.85
2020-02-10,41166.72,41172.06,40798.98,40979.62
2020-02-11,41183.39,41444.34,41179.14,41216.14
2020-02-12,41330.85,41671.86,41330.85,41565.9
2020-02-13,41707.21,41709.3,41338.31,41459.79
2020-02-14,41510.19,41702.36,41183.13,41257.74
2020-02-17,41324.04,41420.34,41030.58,41055.69
2020-02-18,41042.46,41042.46,40610.95,40894.38
2020-02-19,41121.51,41357.16,41048.93,41323
2020-02-20,41334.96,41399.93,41134.31,41170.12
2020-02-24,41037.01,41037.01,40306.36,40363.23
2020-02-25,40497.72,40536,40220.59,40281.2
2020-02-26,40194.89,40255.39,39760.39,39888.96
2020-02-27,39947.8,39947.8,39423.27,39745.66
2020-02-28,39087.47,39087.47,38219.97,38297.29
2020-03-02,38910.95,39083.17,37785.99,38144.02
2020-03-03,38480.89,38754.24,38142.3,38623.7
2020-03-04,38715.72,38791.7,37846.1,38409.48
2020-03-05,38604.25,38887.8,38386.68,38470.61
2020-03-06,37613.96,37747.07,37011.09,37576.62
2020-03-09,36950.2,36950.2,35109.18,35634.95
2020-03-11,35468.9,36021.51,35261.92,35697.4
2020-03-12,34472.5,34472.5,32493.1,32778.14
2020-03-13,31214.13,34769.48,29388.97,34103.48
2020-03-16,33103.24,33103.24,31276.3,31390.07
2020-03-17,31611.57,32047.98,30394.94,30579.09
2020-03-18,30968.84,31101.77,28613.05,28869.51
2020-03-19,27773.36,29370.53,26714.46,28288.23
2020-03-20,28460.82,30418.2,27932.67,29915.96
2020-03-23,27608.8,27900.83,25880.83,25981.24
2020-03-24,27056.23,27462.87,25638.9,26674.03
2020-03-25,26499.81,28790.19,26359.91,28535.78
2020-03-26,29073.71,30099.91,28566.34,29946.77
2020-03-27,30747.81,31126.03,29346.99,29815.59
2020-03-30,29226.55,29497.57,28290.99,28440.32
2020-03-31,29294.94,29770.88,28667.36,29468.49
2020-04-01,29505.33,29505.98,28073.43,28265.31
2020-04-03,28623.53,28639.12,27500.79,27590.95
2020-04-07,28898.36,30157.65,28602.31,30067.21
2020-04-08,29701.92,31227.97,29602.94,29893.96
2020-04-09,30571.19,31225.2,30420.22,31159.62
2020-04-13,31195.72,31195.72,30474.15,30690.02
2020-04-15,31277.11,31568.36,30222.07,30379.81
2020-04-16,30095.51,30800.2,30016.17,30602.61
2020-04-17,31656.68,31718.73,30960.94,31588.72
2020-04-20,32056.19,32056.47,31490.26,31648
2020-04-21,30836.19,30900.12,30378.26,30636.71
2020-04-22,30856.14,31471.14,30578.55,31379.55
2020-04-23,31646.45,31959.02,31292.92,31863.08
2020-04-24,31426.62,31842.24,31278.27,31327.22
2020-04-27,31659.04,32103.7,31651.58,31743.08
2020-04-28,32101.91,32199.91,31661.34,32114.52
2020-04-29,32311.04,32897.59,32171.65,32720.16
2020-04-30,33381.19,33887.25,33354.93,33717.62
2020-05-04,32748.14,32748.14,31632.02,31715.35
2020-05-05,32182.9,32264,31403.57,31453.51
2020-05-06,31577.63,31970.84,31158.75,31685.75
2020-05-07,31677.69,31705.25,31362.87,31443.38
2020-05-08,32083.32,32088.51,31598,31642.7
2020-05-11,32030.34,32301.58,31500.87,31561.22
2020-05-12,31342.93,31536.89,30844.66,31371.12
2020-05-13,32841.87,32845.48,31901.92,32008.61
2020-05-14,31466.33,31630.94,31052.65,31122.89
2020-05-15,31296.28,31296.28,30770.48,31097.73
2020-05-18,31248.26,31248.26,29968.45,30028.98
2020-05-19,30450.74,30739.96,30116.82,30196.17
2020-05-20,30159.59,30878.31,30157.75,30818.61
2020-05-21,30904.29,31188.79,30765.32,30932.9
2020-05-22,30822.78,31107.91,30474.88,30672.59
2020-05-26,30864.27,31086.7,30512.14,30609.3
2020-05-27,30793.11,31660.6,30525.68,31605.22
2020-05-28,31827.8,32267.23,31641.77,32200.59
2020-05-29,32041.29,32480.52,31823.8,32424.1
2020-06-01,32906.05,33673.83,32876.55,33303.52
2020-06-02,33450.19,33866.63,33301.29,33825.53
2020-06-03,34185.41,34488.69,34027.5,34109.54
2020-06-04,34072.5,34310.14,33711.24,33980.7
2020-06-05,34198.55,34405.43,33958.02,34287.24
2020-06-08,34841.17,34927.8,34211.83,34370.58
2020-06-09,34520.79,34811.29,33881.19,33956.69
2020-06-10,34029.14,34350.17,33949.46,34247.05
2020-06-11,34214.69,34219.39,33480.42,33538.37
2020-06-12,32436.69,33856.27,32348.1,33780.89
2020-06-15,33670.55,33670.55,32923.74,33228.8
2020-06-16,33853.72,34022.01,32953.3,33605.22
2020-06-17,33438.31,33933.66,33332.96,33507.92
2020-06-18,33371.52,34276.01,33371.52,34208.05
2020-06-19,34335.38,34848.37,34136.39,34731.73
2020-06-22,34892.03,35213.52,34794.4,34911.32
2020-06-23,35015.73,35482.16,34843.69,35430.43
2020-06-24,35679.74,35706.55,34794.93,34868.98
2020-06-25,34525.39,35081.61,34499.78,34842.1
2020-06-26,35144.78,35254.88,34910.34,35171.27
2020-06-29,34926.95,35032.36,34662.06,34961.52
2020-06-30,35168.3,35233.91,34812.8,34915.8
2020-07-01,35009.59,35467.23,34927.2,35414.45
2020-07-02,35604,36014.92,35595.36,35843.7
2020-07-03,36025.38,36110.21,35872.38,36021.42
2020-07-06,36313.46,36661.66,36254.02,36487.28
2020-07-07,36660.35,36723.27,36271.09,36674.52
2020-07-08,36738.38,36828.43,36234.17,36329.01
2020-07-09,36450.69,36806.3,36422.3,36737.69
2020-07-10,36555.13,36748.89,36401.11,36594.33
2020-07-13,36880.66,37024.2,36533.96,36693.69
2020-07-14,36517.28,36538.1,35877.42,36033.06
2020-07-15,36314.76,36810.25,35894.96,36051.81
2020-07-16,36401.2,36524.62,36038.41,36471.68
2020-07-17,36547.75,37125.98,36512.92,37020.14
2020-07-20,37409.03,37478.87,37185.78,37418.99
2020-07-21,37823.61,37990.55,37742.05,37930.33
2020-07-22,38178.07,38199.27,37601.62,37871.52
2020-07-23,37814.92,38225.03,37738.59,38140.47
2020-07-24,37949.59,38235.73,37748.41,38128.9
2020-07-27,38275.34,38275.34,37769.44,37934.73
2020-07-28,38052.18,38554.72,37998.13,38492.95
2020-07-29,38427.15,38617.03,37884.41,38071.13
2020-07-30,38262.83,38413.81,37678.42,37736.07
2020-07-31,37847.88,37897.78,37431.68,37606.89
2020-08-03,37595.73,37596.02,36911.23,36939.6
2020-08-04,37092.86,37745.6,36987.73,37687.91
2020-08-05,37892.36,38139.96,37550.6,37663.33
2020-08-06,37946.8,38221.4,37755.1,38025.45
2020-08-07,37951.07,38109.68,37787.38,38040.57
2020-08-10,38168.42,38430.69,38073.29,38182.08
2020-08-11,38371.34,38556.27,38313.06,38407.01
2020-08-12,38321.13,38414.37,38125.81,38369.63
2020-08-13,38456.64,38516.85,38215.05,38310.49
2020-08-14,38432.94,38540.57,37654.92,37877.34
2020-08-17,38062.07,38119.38,37734.14,38050.78
2020-08-18,38084.7,38571.23,38062.01,38528.32
2020-08-19,38727.89,38788.51,38550.65,38614.79
2020-08-20,38283.9,38402.45,38155.78,38220.39
2020-08-21,38471.93,38579.83,38411.37,38434.72
2020-08-24,38566.96,38894.94,38545.76,38799.08
2020-08-25,38948.46,39008.89,38679.67,38843.88
2020-08-26,38930.18,39111.55,38765.09,39073.92
2020-08-27,39293.53,39326.98,39046.94,39113.47
2020-08-28,39264.48,39579.58,39235.03,39467.31
2020-08-31,39888.15,40010.17,38395.89,38628.29
2020-09-01,38754,39226.82,38542.11,38900.8
2020-09-02,38892.64,39141.84,38736.22,39086.03
2020-09-03,39165.8,39236.36,38943.43,38990.94
2020-09-04,38325,38729.66,38249.77,38357.18
2020-09-07,38284.78,38519.92,38060.74,38417.23
2020-09-08,38498.07,38746.48,38275.45,38365.35
2020-09-09,37988.56,38252.67,37935.26,38193.92
2020-09-10,38516.88,38878.25,38367.07,38840.32
2020-09-11,38865.17,38978.52,38711.8,38854.55
2020-09-14,39073.51,39230.16,38573.17,38756.63
2020-09-15,38904.67,39102.25,38753.68,39044.35
2020-09-16,39161.01,39359.51,39037.96,39302.85
2020-09-17,39120.64,39234.81,38926.34,38979.85
2020-09-18,39200.42,39200.42,38635.73,38845.82
2020-09-21,38812.69,38990.76,37938.53,38034.14
2020-09-22,38200.71,38209.97,37531.14,37734.08
2020-09-23,38124.94,38140.07,37313.09,37668.42
2020-09-24,37282.18,37304.26,36495.98,36553.6
2020-09-25,36991.89,37471.17,36730.52,37388.66
2020-09-28,37756.25,38035.87,37544.05,37981.63
2020-09-29,38176.86,38235.94,37831.35,37973.22
2020-09-30,38068.89,38236.34,37828.11,38067.93
